,name,age,address
0,zje8lrid,18,ShenZhen
1,p9bmyx3w,47,ShenZhen
2,175qzo2y,63,ShenZhen
3,2i3jouqt,22,ShenZhen
4,jxsov36i,79,ShenZhen
5,y0u8bvcf,22,ShenZhen
6,n1qywz7p,90,ShenZhen
7,yf43puoq,40,ShenZhen
8,7iyb43a6,88,ShenZhen
9,27nsp5lt,97,ShenZhen
10,tqoxg2u6,41,ShenZhen
11,petczx9b,87,ShenZhen
12,l0p2ok37,82,ShenZhen
13,qmis021w,55,ShenZhen
14,dp62c3ik,92,ShenZhen
15,rlkv8mqt,43,ShenZhen
16,i35vh0l6,43,ShenZhen
17,k3sthn4o,22,ShenZhen
18,95zfyl46,35,ShenZhen
19,k6qse2fa,33,ShenZhen
20,n8724vsr,25,ShenZhen
21,jly30aqb,52,ShenZhen
22,c5huw6fy,58,ShenZhen
23,shwkybnx,70,ShenZhen
24,7kj4flwu,64,ShenZhen
25,cion8ht4,56,ShenZhen
26,p97z4qey,25,ShenZhen
27,le1waysj,38,ShenZhen
28,ctlhxvsb,91,ShenZhen
29,2juvzm09,45,ShenZhen
30,mrontgk9,33,ShenZhen
31,ypod4aqt,77,ShenZhen
32,wtq97cmo,81,ShenZhen
33,zcndmgf4,65,ShenZhen
34,8vq4tj7g,95,ShenZhen
35,62ithbu4,95,ShenZhen
36,cyride8h,60,ShenZhen
37,cngerwdf,96,ShenZhen
38,jopeqfxw,81,ShenZhen
39,biqrec02,77,ShenZhen
40,bomwrpas,96,ShenZhen
41,pgvz09lu,71,ShenZhen
42,tf21pxhw,56,ShenZhen
43,bt0k5sfy,92,ShenZhen
44,bjoqixwu,83,ShenZhen
45,ok7xle8y,41,ShenZhen
46,5msayq6u,49,ShenZhen
47,f8hv4m35,31,ShenZhen
48,c0yhrz6s,96,ShenZhen
49,obdzgcm2,51,ShenZhen
50,funt37p0,56,ShenZhen
51,h5wo8dst,19,ShenZhen
52,ga4d0wyq,86,ShenZhen
53,ebjidpgw,84,ShenZhen
54,oslhy9b2,92,ShenZhen
55,x3vahmgz,98,ShenZhen
56,fquosb18,54,ShenZhen
57,u64lprvw,19,ShenZhen
58,4tsl8acd,41,ShenZhen
59,ahjw4dk9,35,ShenZhen
60,92kzoatn,48,ShenZhen
61,xn7d5w69,19,ShenZhen
62,z4dbpg13,40,ShenZhen
63,tsk4mylz,23,ShenZhen
64,twr8lzkf,72,ShenZhen
65,kx24ye60,52,ShenZhen
66,0koiuva5,92,ShenZhen
67,1c5dzj4o,72,ShenZhen
68,hxulpc7i,62,ShenZhen
69,6z4yfh5p,65,ShenZhen
70,6m7kn1zi,74,ShenZhen
71,42xg3wm8,29,ShenZhen
72,hi9gayz6,39,ShenZhen
73,hdpj46zn,74,ShenZhen
74,7syxbu46,53,ShenZhen
75,5zi07tjc,73,ShenZhen
76,tk63fu40,52,ShenZhen
77,uzyc7knb,40,ShenZhen
78,6ed4ioh1,76,ShenZhen
79,uyirnkmj,43,ShenZhen
80,l8354dso,26,ShenZhen
81,796sghcd,55,ShenZhen
82,z2hwe6jf,85,ShenZhen
83,ckf1ianm,55,ShenZhen
84,yzv328x4,59,ShenZhen
85,qhmvsrcx,44,ShenZhen
86,b894g1a6,54,ShenZhen
87,speb2w3r,50,ShenZhen
88,mt8ahxn0,20,ShenZhen
89,kit1adw3,21,ShenZhen
90,rs5hnlbo,61,ShenZhen
91,x8ou147v,74,ShenZhen
92,2kdu4ify,40,ShenZhen
93,3uxlages,93,ShenZhen
94,2i1qfx5r,37,ShenZhen
95,isatp0gy,65,ShenZhen
96,s5ke7t2n,52,ShenZhen
97,5qtip9nl,18,ShenZhen
98,ajmiwe4v,39,ShenZhen
99,7acr6lqf,46,ShenZhen
